Subset index,Custom Score,Precision,Accuracy,Recall
394,1080.0,0.7587939698492462,0.595,0.297244094488189
418,1080.0,0.7587939698492462,0.595,0.297244094488189
146,1105.0,0.7537688442211056,0.593,0.2952755905511811
170,1020.0,0.7512953367875648,0.589,0.2854330708661417
450,1050.0,0.7487437185929648,0.591,0.2933070866141732
178,1040.0,0.7474747474747475,0.59,0.29133858267716534
202,1040.0,0.7474747474747475,0.59,0.29133858267716534
226,1040.0,0.7474747474747475,0.59,0.29133858267716534
482,1000.0,0.7474747474747475,0.59,0.29133858267716534
458,1000.0,0.7474747474747475,0.59,0.29133858267716534
154,1040.0,0.7474747474747475,0.59,0.29133858267716534
90,1070.0,0.7473684210526316,0.586,0.2795275590551181
184,980.0,0.746031746031746,0.585,0.27755905511811024
114,1065.0,0.745945945945946,0.583,0.27165354330708663
386,1075.0,0.7437185929648241,0.589,0.29133858267716534
210,1035.0,0.7437185929648241,0.589,0.29133858267716534
234,980.0,0.7424242424242424,0.588,0.28937007874015747
494,880.0,0.7422680412371134,0.586,0.28346456692913385
92,1000.0,0.7422680412371134,0.586,0.28346456692913385
242,980.0,0.7386934673366834,0.587,0.28937007874015747
354,1010.0,0.7373737373737373,0.586,0.2874015748031496
330,1010.0,0.7373737373737373,0.586,0.2874015748031496
218,970.0,0.7373737373737373,0.586,0.2874015748031496
480,975.0,0.7357512953367875,0.583,0.2795275590551181
456,975.0,0.7357512953367875,0.583,0.2795275590551181
438,910.0,0.7346938775510204,0.584,0.28346456692913385
26,1060.0,0.7346938775510204,0.584,0.28346456692913385
150,965.0,0.734375,0.582,0.27755905511811024
502,885.0,0.7336683417085427,0.585,0.2874015748031496
426,965.0,0.7336683417085427,0.585,0.2874015748031496
138,1045.0,0.7336683417085427,0.585,0.2874015748031496
162,1045.0,0.7336683417085427,0.585,0.2874015748031496
478,885.0,0.7336683417085427,0.585,0.2874015748031496
118,965.0,0.7336683417085427,0.585,0.2874015748031496
18,1035.0,0.7329842931937173,0.581,0.2755905511811024
240,995.0,0.7323232323232324,0.584,0.2854330708661417
186,955.0,0.7323232323232324,0.584,0.2854330708661417
254,850.0,0.7319587628865979,0.582,0.2795275590551181
298,945.0,0.7315789473684211,0.58,0.2736220472440945
80,1065.0,0.7309644670050761,0.583,0.28346456692913385
58,975.0,0.7295918367346939,0.582,0.281496062992126
473,885.0,0.7287234042553191,0.578,0.26968503937007876
334,950.0,0.7286432160804021,0.583,0.2854330708661417
216,990.0,0.7286432160804021,0.583,0.2854330708661417
358,950.0,0.7286432160804021,0.583,0.2854330708661417
466,950.0,0.7286432160804021,0.583,0.2854330708661417
366,910.0,0.7286432160804021,0.583,0.2854330708661417
446,870.0,0.7286432160804021,0.583,0.2854330708661417
414,910.0,0.7286432160804021,0.583,0.2854330708661417
94,950.0,0.7286432160804021,0.583,0.2854330708661417
424,990.0,0.7286432160804021,0.583,0.2854330708661417
214,925.0,0.7282051282051282,0.581,0.2795275590551181
158,940.0,0.7272727272727273,0.582,0.28346456692913385
190,900.0,0.7272727272727273,0.582,0.28346456692913385
266,1020.0,0.7272727272727273,0.582,0.28346456692913385
290,1020.0,0.7272727272727273,0.582,0.28346456692913385
82,1030.0,0.7272727272727273,0.582,0.28346456692913385
241,970.0,0.7258883248730964,0.581,0.281496062992126
488,920.0,0.7244897959183674,0.58,0.2795275590551181
374,880.0,0.7244897959183674,0.58,0.2795275590551181
153,1000.0,0.7244897959183674,0.58,0.2795275590551181
28,1015.0,0.7236180904522613,0.581,0.28346456692913385
54,975.0,0.7236180904522613,0.581,0.28346456692913385
292,1015.0,0.7236180904522613,0.581,0.28346456692913385
30,975.0,0.7236180904522613,0.581,0.28346456692913385
350,895.0,0.7236180904522613,0.581,0.28346456692913385
249,935.0,0.7236180904522613,0.581,0.28346456692913385
182,935.0,0.7236180904522613,0.581,0.28346456692913385
86,975.0,0.7236180904522613,0.581,0.28346456692913385
268,1015.0,0.7236180904522613,0.581,0.28346456692913385
248,935.0,0.7236180904522613,0.581,0.28346456692913385
430,895.0,0.7236180904522613,0.581,0.28346456692913385
116,975.0,0.7236180904522613,0.581,0.28346456692913385
110,935.0,0.7236180904522613,0.581,0.28346456692913385
510,815.0,0.7236180904522613,0.581,0.28346456692913385
286,885.0,0.7225130890052356,0.577,0.27165354330708663
124,925.0,0.7222222222222222,0.58,0.281496062992126
44,925.0,0.7222222222222222,0.572,0.2559055118110236
300,965.0,0.7222222222222222,0.58,0.281496062992126
176,1005.0,0.7222222222222222,0.58,0.281496062992126
136,1030.0,0.7208121827411168,0.579,0.2795275590551181
36,1045.0,0.7208121827411168,0.579,0.2795275590551181
62,915.0,0.7208121827411168,0.579,0.2795275590551181
160,1030.0,0.7208121827411168,0.579,0.2795275590551181
12,1045.0,0.7208121827411168,0.579,0.2795275590551181
60,945.0,0.7193877551020408,0.578,0.27755905511811024
506,825.0,0.7193877551020408,0.578,0.27755905511811024
382,825.0,0.7193877551020408,0.578,0.27755905511811024
10,1045.0,0.7193877551020408,0.578,0.27755905511811024
34,1045.0,0.7193877551020408,0.578,0.27755905511811024
172,960.0,0.71875,0.576,0.27165354330708663
217,960.0,0.7185929648241206,0.579,0.281496062992126
434,920.0,0.7185929648241206,0.579,0.281496062992126
432,960.0,0.7185929648241206,0.579,0.281496062992126
402,960.0,0.7185929648241206,0.579,0.281496062992126
130,1040.0,0.7185929648241206,0.579,0.281496062992126
490,880.0,0.7185929648241206,0.579,0.281496062992126
192,1040.0,0.7185929648241206,0.579,0.281496062992126
220,920.0,0.7185929648241206,0.579,0.281496062992126
244,920.0,0.7185929648241206,0.579,0.281496062992126
50,1000.0,0.7185929648241206,0.579,0.281496062992126
294,960.0,0.7185929648241206,0.579,0.281496062992126
270,960.0,0.7185929648241206,0.579,0.281496062992126
474,880.0,0.7185929648241206,0.579,0.281496062992126
188,910.0,0.7171717171717171,0.578,0.2795275590551181
120,950.0,0.7171717171717171,0.578,0.2795275590551181
126,870.0,0.7171717171717171,0.578,0.2795275590551181
106,950.0,0.7171717171717171,0.578,0.2795275590551181
46,960.0,0.7171717171717171,0.578,0.2795275590551181
302,910.0,0.7171717171717171,0.578,0.2795275590551181
342,910.0,0.7171717171717171,0.578,0.2795275590551181
42,985.0,0.7171717171717171,0.578,0.2795275590551181
6,980.0,0.7157894736842105,0.574,0.2677165354330709
310,900.0,0.7157360406091371,0.577,0.27755905511811024
258,1025.0,0.7150259067357513,0.575,0.27165354330708663
236,890.0,0.7142857142857143,0.576,0.2755905511811024
372,890.0,0.7142857142857143,0.576,0.2755905511811024
20,1010.0,0.7142857142857143,0.576,0.2755905511811024
22,1000.0,0.7142857142857143,0.576,0.2755905511811024
346,905.0,0.7135678391959799,0.577,0.2795275590551181
356,945.0,0.7135678391959799,0.577,0.2795275590551181
406,905.0,0.7135678391959799,0.577,0.2795275590551181
152,985.0,0.7135678391959799,0.577,0.2795275590551181
224,985.0,0.7135678391959799,0.577,0.2795275590551181
362,905.0,0.7135678391959799,0.577,0.2795275590551181
322,985.0,0.7135678391959799,0.577,0.2795275590551181
332,945.0,0.7135678391959799,0.577,0.2795275590551181
489,905.0,0.7135678391959799,0.577,0.2795275590551181
156,945.0,0.7135678391959799,0.577,0.2795275590551181
52,985.0,0.7135678391959799,0.577,0.2795275590551181
200,985.0,0.7135678391959799,0.577,0.2795275590551181
318,865.0,0.7135678391959799,0.577,0.2795275590551181
472,880.0,0.7128205128205128,0.575,0.2736220472440945
262,970.0,0.7128205128205128,0.575,0.2736220472440945
208,960.0,0.7128205128205128,0.575,0.2736220472440945
144,1025.0,0.7121212121212122,0.576,0.27755905511811024
416,975.0,0.7121212121212122,0.576,0.27755905511811024
180,935.0,0.7121212121212122,0.576,0.27755905511811024
498,855.0,0.7121212121212122,0.576,0.27755905511811024
392,975.0,0.7121212121212122,0.576,0.27755905511811024
250,855.0,0.7121212121212122,0.576,0.27755905511811024
282,960.0,0.7120418848167539,0.573,0.2677165354330709
462,830.0,0.711340206185567,0.574,0.27165354330708663
486,830.0,0.711340206185567,0.574,0.27165354330708663
185,910.0,0.711340206185567,0.574,0.27165354330708663
274,960.0,0.7106598984771574,0.575,0.2755905511811024
194,965.0,0.7106598984771574,0.575,0.2755905511811024
121,925.0,0.7106598984771574,0.575,0.2755905511811024
134,955.0,0.7091836734693877,0.574,0.2736220472440945
117,915.0,0.7091836734693877,0.574,0.2736220472440945
348,890.0,0.7085427135678392,0.575,0.27755905511811024
38,970.0,0.7085427135678392,0.575,0.27755905511811024
289,1010.0,0.7085427135678392,0.575,0.27755905511811024
265,1010.0,0.7085427135678392,0.575,0.27755905511811024
500,850.0,0.7085427135678392,0.575,0.27755905511811024
78,930.0,0.7085427135678392,0.575,0.27755905511811024
470,850.0,0.7085427135678392,0.575,0.27755905511811024
222,850.0,0.7085427135678392,0.575,0.27755905511811024
364,890.0,0.7085427135678392,0.575,0.27755905511811024
460,890.0,0.7085427135678392,0.575,0.27755905511811024
207,1010.0,0.7085427135678392,0.575,0.27755905511811024
484,890.0,0.7085427135678392,0.575,0.27755905511811024
14,970.0,0.7085427135678392,0.575,0.27755905511811024
148,970.0,0.7085427135678392,0.575,0.27755905511811024
102,930.0,0.7085427135678392,0.575,0.27755905511811024
508,810.0,0.7085427135678392,0.575,0.27755905511811024
410,890.0,0.7085427135678392,0.575,0.27755905511811024
57,970.0,0.7083333333333334,0.572,0.2677165354330709
440,865.0,0.7076923076923077,0.573,0.27165354330708663
278,920.0,0.7070707070707071,0.574,0.2755905511811024
326,915.0,0.7070707070707071,0.574,0.2755905511811024
13,1000.0,0.7070707070707071,0.574,0.2755905511811024
444,840.0,0.7070707070707071,0.574,0.2755905511811024
212,920.0,0.7070707070707071,0.574,0.2755905511811024
377,890.0,0.7070707070707071,0.574,0.2755905511811024
238,840.0,0.7070707070707071,0.574,0.2755905511811024
37,1000.0,0.7070707070707071,0.574,0.2755905511811024
96,1000.0,0.7070707070707071,0.574,0.2755905511811024
457,920.0,0.7070707070707071,0.574,0.2755905511811024
177,970.0,0.7070707070707071,0.574,0.2755905511811024
72,1000.0,0.7070707070707071,0.574,0.2755905511811024
145,1000.0,0.7070707070707071,0.574,0.2755905511811024
84,960.0,0.7070707070707071,0.574,0.2755905511811024
481,920.0,0.7070707070707071,0.574,0.2755905511811024
189,855.0,0.7061855670103093,0.572,0.26968503937007876
306,945.0,0.7061855670103093,0.572,0.26968503937007876
308,930.0,0.7061855670103093,0.572,0.26968503937007876
284,935.0,0.7061855670103093,0.572,0.26968503937007876
496,870.0,0.7055837563451777,0.573,0.2736220472440945
74,950.0,0.7055837563451777,0.573,0.2736220472440945
98,950.0,0.7055837563451777,0.573,0.2736220472440945
83,990.0,0.7055837563451777,0.573,0.2736220472440945
325,940.0,0.7040816326530612,0.572,0.27165354330708663
370,890.0,0.7040816326530612,0.572,0.27165354330708663
209,940.0,0.7040816326530612,0.572,0.27165354330708663
338,930.0,0.7040816326530612,0.572,0.27165354330708663
442,835.0,0.7035175879396985,0.573,0.2755905511811024
264,995.0,0.7035175879396985,0.573,0.2755905511811024
320,995.0,0.7035175879396985,0.573,0.2755905511811024
25,995.0,0.7035175879396985,0.573,0.2755905511811024
476,835.0,0.7035175879396985,0.573,0.2755905511811024
246,835.0,0.7035175879396985,0.573,0.2755905511811024
378,835.0,0.7035175879396985,0.573,0.2755905511811024
230,875.0,0.7035175879396985,0.573,0.2755905511811024
206,875.0,0.7035175879396985,0.573,0.2755905511811024
288,995.0,0.7035175879396985,0.573,0.2755905511811024
261,995.0,0.7035175879396985,0.573,0.2755905511811024
166,915.0,0.7035175879396985,0.573,0.2755905511811024
393,955.0,0.7035175879396985,0.573,0.2755905511811024
2,1035.0,0.7035175879396985,0.573,0.2755905511811024
70,955.0,0.7035175879396985,0.573,0.2755905511811024
66,995.0,0.7035175879396985,0.573,0.2755905511811024
417,955.0,0.7035175879396985,0.573,0.2755905511811024
174,875.0,0.7035175879396985,0.573,0.2755905511811024
142,915.0,0.7035175879396985,0.573,0.2755905511811024
448,955.0,0.7035175879396985,0.573,0.2755905511811024
93,915.0,0.7035175879396985,0.573,0.2755905511811024
497,875.0,0.7035175879396985,0.573,0.2755905511811024
469,850.0,0.7025641025641025,0.571,0.26968503937007876
252,810.0,0.7025641025641025,0.571,0.26968503937007876
67,970.0,0.7021276595744681,0.568,0.25984251968503935
49,985.0,0.702020202020202,0.572,0.2736220472440945
48,985.0,0.702020202020202,0.572,0.2736220472440945
504,825.0,0.702020202020202,0.572,0.2736220472440945
24,985.0,0.702020202020202,0.572,0.2736220472440945
304,850.0,0.7016574585635359,0.565,0.25
422,855.0,0.700507614213198,0.571,0.27165354330708663
398,855.0,0.700507614213198,0.571,0.27165354330708663
88,935.0,0.700507614213198,0.571,0.27165354330708663
390,895.0,0.700507614213198,0.571,0.27165354330708663
122,875.0,0.700507614213198,0.571,0.27165354330708663
21,970.0,0.700507614213198,0.571,0.27165354330708663
412,845.0,0.6989795918367347,0.57,0.26968503937007876
64,1020.0,0.6984924623115578,0.571,0.2736220472440945
68,980.0,0.6984924623115578,0.571,0.2736220472440945
108,900.0,0.6984924623115578,0.571,0.2736220472440945
125,860.0,0.6984924623115578,0.571,0.2736220472440945
112,940.0,0.6984924623115578,0.571,0.2736220472440945
333,900.0,0.6984924623115578,0.571,0.2736220472440945
293,940.0,0.6984924623115578,0.571,0.2736220472440945
400,940.0,0.6984924623115578,0.571,0.2736220472440945
269,940.0,0.6984924623115578,0.571,0.2736220472440945
357,900.0,0.6984924623115578,0.571,0.2736220472440945
413,805.0,0.6984126984126984,0.567,0.25984251968503935
340,885.0,0.6984126984126984,0.567,0.25984251968503935
16,975.0,0.6979166666666666,0.568,0.2637795275590551
408,930.0,0.6979166666666666,0.568,0.2637795275590551
85,915.0,0.6974358974358974,0.569,0.2677165354330709
113,915.0,0.6974358974358974,0.569,0.2677165354330709
492,810.0,0.696969696969697,0.57,0.27165354330708663
99,970.0,0.696969696969697,0.57,0.27165354330708663
213,900.0,0.696969696969697,0.57,0.27165354330708663
365,850.0,0.696969696969697,0.57,0.27165354330708663
420,890.0,0.696969696969697,0.57,0.27165354330708663
75,970.0,0.696969696969697,0.57,0.27165354330708663
81,970.0,0.696969696969697,0.57,0.27165354330708663
396,890.0,0.696969696969697,0.57,0.27165354330708663
56,930.0,0.696969696969697,0.57,0.27165354330708663
437,810.0,0.6963350785340314,0.567,0.2618110236220472
327,945.0,0.6958762886597938,0.568,0.265748031496063
351,945.0,0.6958762886597938,0.568,0.265748031496063
76,930.0,0.6954314720812182,0.569,0.26968503937007876
100,930.0,0.6954314720812182,0.569,0.26968503937007876
465,880.0,0.6954314720812182,0.569,0.26968503937007876
449,865.0,0.6951871657754011,0.565,0.2559055118110236
232,885.0,0.6934673366834171,0.569,0.27165354330708663
436,845.0,0.6934673366834171,0.569,0.27165354330708663
161,965.0,0.6934673366834171,0.569,0.27165354330708663
137,965.0,0.6934673366834171,0.569,0.27165354330708663
445,780.0,0.6923076923076923,0.567,0.265748031496063
29,900.0,0.6923076923076923,0.567,0.265748031496063
324,915.0,0.6919191919191919,0.568,0.26968503937007876
281,915.0,0.6919191919191919,0.568,0.26968503937007876
452,875.0,0.6919191919191919,0.568,0.26968503937007876
505,795.0,0.6919191919191919,0.568,0.26968503937007876
89,915.0,0.6919191919191919,0.568,0.26968503937007876
509,755.0,0.6919191919191919,0.568,0.26968503937007876
369,875.0,0.6919191919191919,0.568,0.26968503937007876
245,835.0,0.6919191919191919,0.568,0.26968503937007876
198,875.0,0.6919191919191919,0.568,0.26968503937007876
373,835.0,0.6919191919191919,0.568,0.26968503937007876
157,875.0,0.6919191919191919,0.568,0.26968503937007876
447,955.0,0.6919191919191919,0.568,0.26968503937007876
253,770.0,0.6907216494845361,0.566,0.2637795275590551
454,810.0,0.6907216494845361,0.566,0.2637795275590551
428,825.0,0.6903553299492385,0.567,0.2677165354330709
384,945.0,0.6903553299492385,0.567,0.2677165354330709
464,905.0,0.6898395721925134,0.563,0.25393700787401574
5,940.0,0.6894736842105263,0.564,0.2578740157480315
337,895.0,0.6887755102040817,0.566,0.265748031496063
321,950.0,0.6884422110552764,0.567,0.26968503937007876
349,830.0,0.6884422110552764,0.567,0.26968503937007876
477,790.0,0.6884422110552764,0.567,0.26968503937007876
345,870.0,0.6884422110552764,0.567,0.26968503937007876
53,910.0,0.6884422110552764,0.567,0.26968503937007876
404,870.0,0.6884422110552764,0.567,0.26968503937007876
181,870.0,0.6884422110552764,0.567,0.26968503937007876
425,870.0,0.6884422110552764,0.567,0.26968503937007876
69,950.0,0.6884422110552764,0.567,0.26968503937007876
61,870.0,0.6884422110552764,0.567,0.26968503937007876
468,830.0,0.6884422110552764,0.567,0.26968503937007876
385,950.0,0.6884422110552764,0.567,0.26968503937007876
204,870.0,0.6884422110552764,0.567,0.26968503937007876
228,870.0,0.6884422110552764,0.567,0.26968503937007876
221,830.0,0.6884422110552764,0.567,0.26968503937007876
501,790.0,0.6884422110552764,0.567,0.26968503937007876
165,870.0,0.6875,0.564,0.25984251968503935
132,910.0,0.6875,0.564,0.25984251968503935
141,870.0,0.6875,0.564,0.25984251968503935
312,830.0,0.6875,0.564,0.25984251968503935
441,805.0,0.6871794871794872,0.565,0.2637795275590551
409,845.0,0.6871794871794872,0.565,0.2637795275590551
405,860.0,0.6868686868686869,0.566,0.2677165354330709
353,900.0,0.6868686868686869,0.566,0.2677165354330709
352,900.0,0.6868686868686869,0.566,0.2677165354330709
256,980.0,0.6868686868686869,0.566,0.2677165354330709
276,900.0,0.6868686868686869,0.566,0.2677165354330709
329,900.0,0.6868686868686869,0.566,0.2677165354330709
257,980.0,0.6868686868686869,0.566,0.2677165354330709
328,900.0,0.6868686868686869,0.566,0.2677165354330709
316,820.0,0.6868686868686869,0.566,0.2677165354330709
237,845.0,0.6858638743455497,0.563,0.2578740157480315
493,770.0,0.6852791878172588,0.565,0.265748031496063
273,940.0,0.6852791878172588,0.565,0.265748031496063
297,895.0,0.6852791878172588,0.565,0.265748031496063
479,890.0,0.6852791878172588,0.565,0.265748031496063
401,900.0,0.6852791878172588,0.565,0.265748031496063
455,890.0,0.6852791878172588,0.565,0.265748031496063
27,930.0,0.6852791878172588,0.565,0.265748031496063
101,880.0,0.6836734693877551,0.564,0.2637795275590551
433,840.0,0.6836734693877551,0.564,0.2637795275590551
77,880.0,0.6836734693877551,0.564,0.2637795275590551
45,880.0,0.6836734693877551,0.564,0.2637795275590551
111,920.0,0.6836734693877551,0.564,0.2637795275590551
223,935.0,0.6834170854271356,0.565,0.2677165354330709
149,895.0,0.6834170854271356,0.565,0.2677165354330709
199,935.0,0.6834170854271356,0.565,0.2677165354330709
140,895.0,0.6834170854271356,0.565,0.2677165354330709
164,895.0,0.6834170854271356,0.565,0.2677165354330709
380,775.0,0.6834170854271356,0.565,0.2677165354330709
193,935.0,0.6834170854271356,0.565,0.2677165354330709
128,975.0,0.6834170854271356,0.565,0.2677165354330709
305,900.0,0.6820512820512821,0.563,0.2618110236220472
314,805.0,0.6818181818181818,0.564,0.265748031496063
239,885.0,0.6818181818181818,0.564,0.265748031496063
388,885.0,0.6818181818181818,0.564,0.265748031496063
301,845.0,0.6818181818181818,0.564,0.265748031496063
219,845.0,0.6818181818181818,0.564,0.265748031496063
168,885.0,0.6818181818181818,0.564,0.265748031496063
73,900.0,0.6804123711340206,0.562,0.25984251968503935
97,900.0,0.6804123711340206,0.562,0.25984251968503935
17,960.0,0.6802030456852792,0.563,0.2637795275590551
115,820.0,0.679144385026738,0.559,0.25
40,890.0,0.6787564766839378,0.561,0.2578740157480315
376,785.0,0.6785714285714286,0.562,0.2618110236220472
215,865.0,0.6785714285714286,0.562,0.2618110236220472
87,905.0,0.6785714285714286,0.562,0.2618110236220472
196,865.0,0.6785714285714286,0.562,0.2618110236220472
51,920.0,0.678391959798995,0.563,0.265748031496063
243,840.0,0.678391959798995,0.563,0.265748031496063
272,920.0,0.678391959798995,0.563,0.265748031496063
129,935.0,0.6770833333333334,0.56,0.2559055118110236
175,875.0,0.6770833333333334,0.56,0.2559055118110236
395,855.0,0.676923076923077,0.561,0.25984251968503935
419,855.0,0.676923076923077,0.561,0.25984251968503935
104,865.0,0.676923076923077,0.561,0.25984251968503935
260,910.0,0.6767676767676768,0.562,0.2637795275590551
453,830.0,0.6767676767676768,0.562,0.2637795275590551
229,820.0,0.6751269035532995,0.561,0.2618110236220472
483,820.0,0.6751269035532995,0.561,0.2618110236220472
169,880.0,0.6751269035532995,0.561,0.2618110236220472
205,820.0,0.6751269035532995,0.561,0.2618110236220472
211,860.0,0.6751269035532995,0.561,0.2618110236220472
459,820.0,0.6751269035532995,0.561,0.2618110236220472
4,945.0,0.6751269035532995,0.561,0.2618110236220472
280,860.0,0.6751269035532995,0.561,0.2618110236220472
109,805.0,0.6736842105263158,0.558,0.25196850393700787
475,755.0,0.6735751295336787,0.559,0.2559055118110236
33,945.0,0.673469387755102,0.56,0.25984251968503935
251,770.0,0.673469387755102,0.56,0.25984251968503935
9,945.0,0.673469387755102,0.56,0.25984251968503935
173,805.0,0.673469387755102,0.56,0.25984251968503935
323,905.0,0.6733668341708543,0.561,0.2637795275590551
361,825.0,0.6733668341708543,0.561,0.2637795275590551
313,825.0,0.6733668341708543,0.561,0.2637795275590551
344,825.0,0.6733668341708543,0.561,0.2637795275590551
233,825.0,0.6733668341708543,0.561,0.2637795275590551
336,865.0,0.6733668341708543,0.561,0.2637795275590551
381,745.0,0.6733668341708543,0.561,0.2637795275590551
368,825.0,0.6733668341708543,0.561,0.2637795275590551
277,850.0,0.6717948717948717,0.559,0.2578740157480315
296,855.0,0.6717171717171717,0.56,0.2618110236220472
197,855.0,0.6717171717171717,0.56,0.2618110236220472
461,775.0,0.6717171717171717,0.56,0.2618110236220472
485,775.0,0.6717171717171717,0.56,0.2618110236220472
41,885.0,0.6700507614213198,0.559,0.25984251968503935
341,805.0,0.6700507614213198,0.559,0.25984251968503935
339,835.0,0.6683673469387755,0.558,0.2578740157480315
360,810.0,0.6683417085427136,0.559,0.2618110236220472
225,850.0,0.6683417085427136,0.559,0.2618110236220472
201,850.0,0.6683417085427136,0.559,0.2618110236220472
389,850.0,0.6683417085427136,0.559,0.2618110236220472
179,850.0,0.6683417085427136,0.559,0.2618110236220472
429,770.0,0.6683417085427136,0.559,0.2618110236220472
299,840.0,0.6666666666666666,0.558,0.25984251968503935
359,825.0,0.6666666666666666,0.557,0.2559055118110236
8,920.0,0.6666666666666666,0.558,0.25984251968503935
32,920.0,0.6666666666666666,0.558,0.25984251968503935
151,875.0,0.6666666666666666,0.558,0.25984251968503935
155,810.0,0.6666666666666666,0.556,0.25196850393700787
79,905.0,0.6666666666666666,0.557,0.2559055118110236
507,705.0,0.6666666666666666,0.557,0.2559055118110236
191,905.0,0.6666666666666666,0.557,0.2559055118110236
443,735.0,0.6649484536082474,0.556,0.25393700787401574
421,795.0,0.6633165829145728,0.557,0.25984251968503935
317,755.0,0.6633165829145728,0.557,0.25984251968503935
247,795.0,0.6633165829145728,0.557,0.25984251968503935
397,795.0,0.6633165829145728,0.557,0.25984251968503935
105,835.0,0.6633165829145728,0.557,0.25984251968503935
463,820.0,0.6632653061224489,0.556,0.2559055118110236
231,850.0,0.6632653061224489,0.556,0.2559055118110236
167,860.0,0.6632653061224489,0.556,0.2559055118110236
499,740.0,0.6632653061224489,0.556,0.2559055118110236
295,835.0,0.6631578947368421,0.554,0.24803149606299213
291,865.0,0.6616161616161617,0.556,0.2578740157480315
267,865.0,0.6616161616161617,0.556,0.2578740157480315
335,875.0,0.6616161616161617,0.556,0.2578740157480315
143,905.0,0.6616161616161617,0.556,0.2578740157480315
133,860.0,0.6597938144329897,0.554,0.25196850393700787
19,850.0,0.6595744680851063,0.552,0.2440944881889764
107,820.0,0.6582914572864321,0.555,0.2578740157480315
309,780.0,0.6582914572864321,0.555,0.2578740157480315
285,780.0,0.6582914572864321,0.555,0.2578740157480315
467,780.0,0.6582914572864321,0.555,0.2578740157480315
91,820.0,0.6582914572864321,0.555,0.2578740157480315
103,845.0,0.6581632653061225,0.554,0.25393700787401574
407,790.0,0.6580310880829016,0.553,0.25
0,865.0,0.657608695652174,0.55,0.23818897637795275
487,770.0,0.6565656565656566,0.554,0.2559055118110236
127,930.0,0.6565656565656566,0.554,0.2559055118110236
379,730.0,0.6565656565656566,0.554,0.2559055118110236
59,780.0,0.65625,0.552,0.24803149606299213
131,880.0,0.6548223350253807,0.553,0.25393700787401574
491,725.0,0.6548223350253807,0.553,0.25393700787401574
363,765.0,0.6532663316582915,0.553,0.2559055118110236
303,845.0,0.6532663316582915,0.553,0.2559055118110236
283,805.0,0.6532663316582915,0.553,0.2559055118110236
195,845.0,0.6532663316582915,0.553,0.2559055118110236
187,765.0,0.6532663316582915,0.553,0.2559055118110236
43,845.0,0.6532663316582915,0.553,0.2559055118110236
427,765.0,0.6532663316582915,0.553,0.2559055118110236
203,805.0,0.6532663316582915,0.553,0.2559055118110236
227,805.0,0.6532663316582915,0.553,0.2559055118110236
431,790.0,0.6530612244897959,0.552,0.25196850393700787
391,845.0,0.6530612244897959,0.552,0.25196850393700787
411,750.0,0.6530612244897959,0.552,0.25196850393700787
415,845.0,0.6530612244897959,0.552,0.25196850393700787
163,860.0,0.6528497409326425,0.551,0.24803149606299213
139,860.0,0.6528497409326425,0.551,0.24803149606299213
307,795.0,0.6515151515151515,0.552,0.25393700787401574
147,835.0,0.6515151515151515,0.552,0.25393700787401574
159,885.0,0.6512820512820513,0.551,0.25
135,885.0,0.6512820512820513,0.551,0.25
343,780.0,0.6512820512820513,0.551,0.25
315,745.0,0.649746192893401,0.551,0.25196850393700787
279,825.0,0.649746192893401,0.551,0.25196850393700787
503,710.0,0.6482412060301508,0.551,0.25393700787401574
387,830.0,0.6482412060301508,0.551,0.25393700787401574
367,790.0,0.6482412060301508,0.551,0.25393700787401574
55,830.0,0.6482412060301508,0.551,0.25393700787401574
383,870.0,0.6482412060301508,0.551,0.25393700787401574
451,790.0,0.6482412060301508,0.551,0.25393700787401574
275,830.0,0.6482412060301508,0.551,0.25393700787401574
35,860.0,0.6464646464646465,0.55,0.25196850393700787
435,740.0,0.6464646464646465,0.55,0.25196850393700787
331,780.0,0.6464646464646465,0.55,0.25196850393700787
319,860.0,0.6464646464646465,0.55,0.25196850393700787
355,780.0,0.6464646464646465,0.55,0.25196850393700787
11,860.0,0.6464646464646465,0.55,0.25196850393700787
347,725.0,0.6461538461538462,0.549,0.24803149606299213
371,725.0,0.6461538461538462,0.549,0.24803149606299213
171,750.0,0.6458333333333334,0.548,0.2440944881889764
15,800.0,0.6440677966101694,0.543,0.22440944881889763
439,735.0,0.6432160804020101,0.549,0.25196850393700787
375,735.0,0.6432160804020101,0.549,0.25196850393700787
123,735.0,0.6432160804020101,0.549,0.25196850393700787
403,775.0,0.6432160804020101,0.549,0.25196850393700787
287,850.0,0.6428571428571429,0.548,0.24803149606299213
71,855.0,0.6428571428571429,0.548,0.24803149606299213
95,855.0,0.6428571428571429,0.548,0.24803149606299213
263,850.0,0.6428571428571429,0.548,0.24803149606299213
259,845.0,0.6414141414141414,0.548,0.25
399,800.0,0.6395939086294417,0.547,0.24803149606299213
235,720.0,0.6381909547738693,0.547,0.25
495,720.0,0.6381909547738693,0.547,0.25
423,760.0,0.6381909547738693,0.547,0.25
183,760.0,0.6381909547738693,0.547,0.25
119,760.0,0.6381909547738693,0.547,0.25
471,720.0,0.6381909547738693,0.547,0.25
39,825.0,0.6377551020408163,0.546,0.24606299212598426
7,865.0,0.6377551020408163,0.546,0.24606299212598426
31,865.0,0.6377551020408163,0.546,0.24606299212598426
23,825.0,0.6345177664974619,0.545,0.24606299212598426
47,825.0,0.6331658291457286,0.545,0.24803149606299213
271,810.0,0.6326530612244898,0.544,0.2440944881889764
3,830.0,0.6288659793814433,0.542,0.24015748031496062
311,745.0,0.6282722513089005,0.541,0.23622047244094488
63,820.0,0.6237113402061856,0.54,0.23818897637795275
255,820.0,0.6224489795918368,0.54,0.24015748031496062
1,855.0,0.6197916666666666,0.538,0.234251968503937
65,780.0,0.6180904522613065,0.539,0.2421259842519685
